0.98622347225687568,0.020039768695567811,0.00094055792247272219,0.98622347225687568,0.91629393217283239,0.00068655689575598876,0.0,0.0,1.0
0.92799342940212726,0.05622248160110134,0.0008444203421743967,0.92799342940212726,0.83208699430449706,0.00087637354137584536,0.0,0.0,1.0
1.0117502413541675,-0.032914295764603967,0.00082829523216794345,1.0117502413541675,0.95611249399587961,0.00088911692202021898,0.0,0.0,1.0
0.98516063438932122,-0.018545697086660422,0.00078932950277939664,0.98516063438932122,0.92862844447685777,0.00097678750453282742,0.0,0.0,1.0
1.0116762863352795,-0.020942386424673859,0.00078246737264928493,1.0116762863352795,0.97031837671479337,0.001089366880201095,0.0,0.0,1.0
1.0134511629006002,-0.012375775518559659,0.00082273372345169186,1.0134511629006002,0.99282828503387455,0.0009603077630810637,0.0,0.0,1.0
0.97985736005155777,0.030658928582270359,0.00082862669845641408,0.97985736005155777,0.89057640409172401,0.0010775106812932935,0.0,0.0,1.0
0.94000729429237406,0.018811101284543677,0.00096510083938911267,0.94000729429237406,0.91841167523032163,0.00075372264315464355,0.0,0.0,1.0
0.96901952021030469,0.024315228423766322,0.00089808925010978155,0.96901952021030469,0.93150070141055985,0.00085610437430988875,0.0,0.0,1.0
0.9505462079902588,0.035486576630856199,0.0009608447897702843,0.9505462079902588,0.96105455096849224,0.0008220460851374393,0.0,0.0,1.0
0.97071407198991699,0.024898848012469041,0.00092273538162387816,0.97071407198991699,0.98105175468980266,0.0009892695638068676,0.0,0.0,1.0
0.98653850581599334,0.0099148563469595875,0.00086188060855606175,0.98653850581599334,1.0302378645235242,0.0010914815921341135,0.0,0.0,1.0
0.98377182654112771,0.013111610731148006,0.00095429819075295197,0.98377182654112771,1.0106468731765628,0.000798050373418192,0.0,0.0,1.0
0.96598808444672846,0.041105599574809713,0.00090300521540712835,0.96598808444672846,0.8678171580456574,0.00087180093268398034,0.0,0.0,1.0
1.0105932024054161,0.019468016809401821,0.00085339793871050927,1.0105932024054161,0.99038175725089617,0.0009449314033192777,0.0,0.0,1.0
0.99708549175052963,0.0090030813356602249,0.00093348054783030129,0.99708549175052963,0.96657211850025226,0.00081093222673738169,0.0,0.0,1.0
1.0060834180962477,0.010353511127762347,0.00089309125577166767,1.0060834180962477,0.96452503477007701,0.00076296916732967914,0.0,0.0,1.0
0.97014778220740616,0.020369369979900069,0.00097515127925621857,0.97014778220740616,0.95294155001069691,0.000712933110556556,0.0,0.0,1.0
0.91984045478980181,0.03858163880960408,0.0009454201778628374,0.91984045478980181,0.85876378540307297,0.00071034426645895875,0.0,0.0,1.0
0.95313278477287677,0.13577425758064443,0.0010639339650180166,0.95313278477287677,0.77132860731386621,0.00051989338359838906,0.0,0.0,1.0
0.97007605837512145,0.027295072102116222,0.0010891686917970098,0.97007605837512145,1.013002354812091,0.00050852242246134821,0.0,0.0,1.0
0.97222429581195113,0.020272625121471072,0.001011739018969242,0.97222429581195113,1.0149530008946595,0.00063704707717551204,0.0,0.0,1.0
0.97901479088818211,0.023698931754296101,0.00099837727072648458,0.97901479088818211,0.97077817387026255,0.00067730839921398452,0.0,0.0,1.0
0.9592895569599631,0.025658415984421874,0.001021177627415075,0.9592895569599631,0.96423847146137331,0.00068857663220583563,0.0,0.0,1.0
0.96588675760722165,0.037771101280121275,0.0009045148366676459,0.96588675760722165,0.92566312213280433,0.00084977014692571196,0.0,0.0,1.0
0.9308102416528935,0.089199534107733014,0.0010292344367624348,0.9308102416528935,0.86004672970394236,0.00070350216409989855,0.0,0.0,1.0
1.0096823934209223,0.02106214747902109,0.0010021094898952441,1.0096823934209223,0.92653356489840677,0.00074781499026531882,0.0,0.0,1.0
1.0178531500658319,0.016715351098878169,0.00096784514797796956,1.0178531500658319,0.9458532331841355,0.00079777591373963075,0.0,0.0,1.0
0.93250042036782343,0.0081504251419426167,0.00091099178262844522,0.93250042036782343,0.97975934287903632,0.00096487174997412096,0.0,0.0,1.0
0.94589228879742004,0.028307840005442047,0.00088734894008230003,0.94589228879742004,0.94253187730102239,0.00082144685486501426,0.0,0.0,1.0
0.94550698816140866,0.025130411661440533,0.0010147943499890458,0.94550698816140866,0.93159926383924341,0.00060315457276931338,0.0,0.0,1.0
0.98078177109790687,0.011005076007483603,0.0010082347777828095,0.98078177109790687,0.97394180362192584,0.00065275895101411633,0.0,0.0,1.0
0.98461207912706972,0.01061069759419799,0.0010009852233001122,0.98461207912706972,0.98634474171823006,0.00062312408917087475,0.0,0.0,1.0
0.9723289533006082,0.017992036315392222,0.00099731145103290706,0.9723289533006082,0.99515129611416731,0.00067027946292609825,0.0,0.0,1.0
0.86230895604889002,0.053400800285296458,0.00094388857939665233,0.86230895604889002,0.85662676290860029,0.00080435849685969252,0.0,0.0,1.0
0.86155857236512223,0.034050329961459805,0.0010194738639687493,0.86155857236512223,0.86768680953634225,0.00074775325606959791,0.0,0.0,1.0
1.0339707652422554,0.0043053065972982561,0.0011421251372702762,1.0339707652422554,0.91180121118974955,0.00052115065969821485,0.0,0.0,1.0
1.0357397245937217,-0.0070794042104966384,0.0011639645147400511,1.0357397245937217,0.98239444311954327,0.00047767229662636719,0.0,0.0,1.0
0.98931072868908598,0.0093888837031302491,0.00095157565045190227,0.98931072868908598,0.94847946742958567,0.00081250304352422319,0.0,0.0,1.0
1.0107951015919117,-0.011461255621145526,0.0009385904340495398,1.0107951015919117,1.0106238212339007,0.0009008398400203937,0.0,0.0,1.0
0.97632778151356669,0.019451283880543291,0.00084820883637944404,0.97632778151356669,0.96091068626391463,0.00094722252171158513,0.0,0.0,1.0
0.94625746464913529,0.023163336015818162,0.00086191664216783248,0.94625746464913529,0.96805005501052588,0.00086386305313679833,0.0,0.0,1.0
0.95448476220805401,0.037907435029294473,0.00094726577657474763,0.95448476220805401,0.93746542909355601,0.00071586664042400301,0.0,0.0,1.0
0.93508143725070658,0.03341980550924338,0.0010194120757394665,0.93508143725070658,0.90078331598054806,0.00057332932667401957,0.0,0.0,1.0
0.98338210094688316,0.037895969381783356,0.0010695471160497192,0.98338210094688316,0.93607603554501806,0.00056321358265004238,0.0,0.0,1.0
0.97794705803043658,0.0067985998697642075,0.0010343635874818721,0.97794705803043658,0.99911553421936183,0.00079831963613157236,0.0,0.0,1.0
0.95739622531350355,0.074397401659199044,0.0010357277369528795,0.95739622531350355,0.84914518496844371,0.00065712262444729509,0.0,0.0,1.0
0.9274558585614856,0.031924714573914513,0.00098911502484168605,0.9274558585614856,0.94511422920743215,0.00077743871961745968,0.0,0.0,1.0
1.0195229524649754,-0.0099957468731116314,0.00099358261541889707,1.0195229524649754,0.98898664364345956,0.00075286060560501378,0.0,0.0,1.0
0.99263378397288116,-0.011557310913410154,0.00090279490892400719,0.99263378397288116,0.99858082853717467,0.00089686459397970433,0.0,0.0,1.0
0.98046587257299345,0.0013866411413598588,0.00091344170170762806,0.98046587257299345,0.99391773171051234,0.00094207983757713153,0.0,0.0,1.0
0.98704484838669926,0.003113739212009184,0.0009058816578248781,0.98704484838669926,0.99081725998819592,0.00084627789883988261,0.0,0.0,1.0
0.9742914605122821,0.0065709607216585374,0.00091968866155401913,0.9742914605122821,0.98383418613303875,0.00084176052974874226,0.0,0.0,1.0
0.98763608821138094,0.015900611571302469,0.00094463182800253907,0.98763608821138094,0.97923584441567058,0.00076225876024919024,0.0,0.0,1.0
1.0002613357708574,0.0098049075897748625,0.00097954782197324933,1.0002613357708574,0.97797248549810911,0.00067033273459156503,0.0,0.0,1.0
0.98482943504978881,0.026949113197126215,0.00092836731724278362,0.98482943504978881,0.95501201563962179,0.00064523126299664162,0.0,0.0,1.0
0.94897996561588238,0.0046052065383055917,0.00093060184622276664,0.94897996561588238,0.99592248305350872,0.00085804287071930899,0.0,0.0,1.0
1.0050633266385287,-0.00085759167241762808,0.00088932146185275536,1.0050633266385287,0.95848921880952198,0.00090281183795912667,0.0,0.0,1.0
1.0104974310894996,-0.010595933357312542,0.00090692423295640908,1.0104974310894996,0.99895288565731444,0.00089665623769456316,0.0,0.0,1.0
0.9451287698448303,0.020059967749166081,0.00090880142694534333,0.9451287698448303,0.91573829306557264,0.00087968292403418327,0.0,0.0,1.0
0.91189085136255466,0.053417296733210932,0.00086872193746084911,0.91189085136255466,0.91379399506127224,0.00086573375439513798,0.0,0.0,1.0
0.99569807285416345,0.0088557984063192506,0.00089721301595591574,0.99569807285416345,1.002543374119558,0.00088321229874774169,0.0,0.0,1.0
0.94713678095843679,0.045161293580422132,0.00088904374782488888,0.94713678095843679,0.93954151680331155,0.00091677508211809454,0.0,0.0,1.0
0.988081085504111,0.016750519160034914,0.00084707881460606893,0.988081085504111,0.98581039965718786,0.00099287644342353743,0.0,0.0,1.0
0.96077415088813156,0.024646476477614174,0.00083741061798655409,0.96077415088813156,0.94951884055383684,0.0009334710862684433,0.0,0.0,1.0
1.0000000000000078,-1.5204851266936714e-15,0.00089360044605644919,1.0000000000000078,1.0000000000000029,0.00075548285133348843,0.0,0.0,1.0
0.93843295515521452,0.039430569943600079,0.00086838754073909432,0.93843295515521452,0.93434229413407477,0.00083130017157927519,0.0,0.0,1.0
0.97343185258013953,5.1133660012751131e-05,0.00084046051884174627,0.97343185258013953,0.98550156590768445,0.00089536447284559422,0.0,0.0,1.0
0.98387610971601869,-0.001287452096521615,0.00088304756708208168,0.98387610971601869,0.98424755197300495,0.00082820550306955069,0.0,0.0,1.0
0.97778306151642724,0.0071868789176662146,0.00091285692655466055,0.97778306151642724,0.99115403702237559,0.00076023890744281305,0.0,0.0,1.0
0.95915571287024104,0.053683577342499234,0.0009340417656890672,0.95915571287024104,0.8997269160122412,0.0006878306152481396,0.0,0.0,1.0
0.99093031154349387,0.0070260238796361141,0.00092369121071861446,0.99093031154349387,0.95562581850769712,0.00073729462259902083,0.0,0.0,1.0
0.95499340839616709,0.017327618475358689,0.00094698680487312532,0.95499340839616709,0.96641209896851366,0.00071660120617494222,0.0,0.0,1.0
0.97885434443381614,0.020324147263939642,0.00095989970511145713,0.97885434443381614,0.97861363948913649,0.00074330040125107416,0.0,0.0,1.0
0.99485481552465971,0.0054072580713117168,0.00095230992654492339,0.99485481552465971,1.0028189148342146,0.000715277300652492,0.0,0.0,1.0
0.99448441114817432,0.0087660909301563381,0.00093158490794581755,0.99448441114817432,0.98891022122726191,0.00079359676632018649,0.0,0.0,1.0
0.98345566662919326,0.0094412181731511197,0.00090827489618442272,0.98345566662919326,0.98529657996985565,0.00078789187596020605,0.0,0.0,1.0
0.99417158945223094,0.012810706145896123,0.00094264889253400659,0.99417158945223094,0.97379985894043419,0.00069350048418422797,0.0,0.0,1.0
1.0006222700542848,0.0031813787885290822,0.00095518077475389713,1.0006222700542848,0.99700887668304261,0.00065507167842051412,0.0,0.0,1.0
0.98014862859742624,0.030802727395925766,0.0008758140366096226,0.98014862859742624,0.93687573150933212,0.00081917289118611282,0.0,0.0,1.0
0.96541272402258849,0.015219550494748213,0.00091522478631794898,0.96541272402258849,0.9810692673794259,0.00070578309277177938,0.0,0.0,1.0
0.9899692683707062,0.029534983711257002,0.00090695941950737669,0.9899692683707062,0.94957603315431671,0.00072942056558432053,0.0,0.0,1.0
0.99841679519280346,0.014012213759662032,0.0009186507604412406,0.99841679519280346,0.98865470426290003,0.00076918289261839368,0.0,0.0,1.0
0.93805016297893429,0.035253422557083164,0.00095666803316577875,0.93805016297893429,0.95206497104189047,0.00062268644395329265,0.0,0.0,1.0
0.98651679191337127,0.010839590671871338,0.00090055957823071005,0.98651679191337127,0.98326172128956235,0.0006818030697975869,0.0,0.0,1.0
0.98619778682371095,0.018460760633722359,0.00088731878826001055,0.98619778682371095,0.9487220959880549,0.00077248221476664317,0.0,0.0,1.0
0.95568277782946698,0.0049766291629373891,0.00092762177256901853,0.95568277782946698,0.99071029124537435,0.00068688569847050337,0.0,0.0,1.0
0.99294769406930472,0.0081467430056312452,0.0009230750239931307,0.99294769406930472,0.95918694097839419,0.00076375529973078313,0.0,0.0,1.0
0.98800214659231611,-0.010921981137022018,0.00085893303461846509,0.98800214659231611,0.99472062773019498,0.00092948285641831618,0.0,0.0,1.0
0.94463273962578853,0.0030368936872812871,0.00087764006598986056,0.94463273962578853,0.98249138162450422,0.00082568743279201866,0.0,0.0,1.0
0.95353246384352219,0.012715469502489134,0.00093774521185100909,0.95353246384352219,0.964530665201216,0.00073539932691306484,0.0,0.0,1.0
0.96864320215022215,0.016651346241628073,0.00094818109551115008,0.96864320215022215,0.97598409489527527,0.00069540514056426071,0.0,0.0,1.0
0.97209317510384141,0.0097345072453830471,0.00096468538670635635,0.97209317510384141,0.98218783141796817,0.00077325790866019652,0.0,0.0,1.0
0.99682248782493788,0.015086795477494733,0.0010277932201420981,0.99682248782493788,0.97121627600566396,0.00064471346538124709,0.0,0.0,1.0
0.98683598021300045,0.061309473036216956,0.00094794349177787973,0.98683598021300045,0.85633168699406936,0.00061329848912669821,0.0,0.0,1.0
1.0121119168564221,0.0036149080870766757,0.00094847497481563689,1.0121119168564221,0.96038268626737389,0.00073205708286303787,0.0,0.0,1.0
0.99417905365505033,0.01128555271311605,0.00093059461039204548,0.99417905365505033,0.95675028737348811,0.00083730957475606029,0.0,0.0,1.0
0.98286337193013451,-0.0017861268937011086,0.00087878908935007589,0.98286337193013451,0.97856338607294235,0.00087592847799079397,0.0,0.0,1.0
0.99386321620163232,-0.0070231953572291624,0.00090735384088211672,0.99386321620163232,0.97037650090117933,0.00093690000166203439,0.0,0.0,1.0
0.95384008706196399,0.016410098544388373,0.00089538761214776053,0.95384008706196399,0.96400838874772687,0.0010122726642720849,0.0,0.0,1.0
0.95578024383842775,0.031161227073878327,0.00092446692837331126,0.95578024383842775,0.90673292922649651,0.00085544351676586827,0.0,0.0,1.0
0.97824793966371004,-0.00093956085578048541,0.00096535988670631617,0.97824793966371004,1.0102244697748726,0.00071179127603454725,0.0,0.0,1.0
0.96818031740049193,0.027635454612449692,0.00086324043321661236,0.96818031740049193,0.9156268636343633,0.00099416282800901231,0.0,0.0,1.0
0.98051317926416492,0.0071788613342400479,0.00089679464013000501,0.98051317926416492,0.99668415648241748,0.00091847467397146638,0.0,0.0,1.0
0.98243655452597944,0.0040324254590918124,0.0009209370398644385,0.98243655452597944,0.99670576788094123,0.00089216955225482624,0.0,0.0,1.0
0.9950848299745666,0.0019903038130402789,0.00090203599165072186,0.9950848299745666,0.99650956152196968,0.00088063596059164166,0.0,0.0,1.0
0.99250086426261508,0.010482625213854811,0.00096646483845843538,0.99250086426261508,0.97075558093909076,0.00066500070156470066,0.0,0.0,1.0
0.99922606891826016,0.013055992254862198,0.00093603588487595017,0.99922606891826016,0.96705736641464446,0.00071515630207297806,0.0,0.0,1.0
0.99685738970293025,0.0059747666412567216,0.0009426034745185349,0.99685738970293025,0.9896706027949429,0.00068778881323479477,0.0,0.0,1.0
0.99852619270135312,0.00077060332921214877,0.00094800435928406529,0.99852619270135312,0.99870693302062374,0.00067447040763120877,0.0,0.0,1.0
0.98226748729011115,0.013115448748955469,0.00096203747383955657,0.98226748729011115,0.96977235358337566,0.00070063892161596026,0.0,0.0,1.0
0.9991294596593685,0.011098138812700433,0.00095094012812934649,0.9991294596593685,0.97645673037273872,0.00074377434115956457,0.0,0.0,1.0
0.99700445183525788,0.0047162845235889719,0.00095891573153793317,0.99700445183525788,0.99208623508278015,0.00079151478600744609,0.0,0.0,1.0
0.99765520056433621,0.0007512596950306448,0.00096614882271869873,0.99765520056433621,0.99814961780060019,0.000726238321383882,0.0,0.0,1.0
0.98876498959515946,0.0017873052545768972,0.00095343345496214787,0.98876498959515946,0.973795009534423,0.0008215678166312027,0.0,0.0,1.0
0.97201726836130364,0.020220322100810428,0.00097333386878586427,0.97201726836130364,0.95300467451245785,0.00078219407310541988,0.0,0.0,1.0
0.96355983390045563,0.022595861202487473,0.00096592074867689511,0.96355983390045563,0.92569843221399806,0.00084266120563048668,0.0,0.0,1.0
0.96857597661108419,0.0020495816384841579,0.0010150583910036094,0.96857597661108419,0.97457298509868928,0.00076094409970839318,0.0,0.0,1.0
0.99293315563637452,-0.0013734867553329613,0.0010120644406399039,0.99293315563637452,1.0110184776474553,0.00087743900281041405,0.0,0.0,1.0
0.97135398568895592,0.023721512082902196,0.0009524251232062949,0.97135398568895592,0.94111975707764306,0.00096490703544933974,0.0,0.0,1.0
0.97980777209524339,0.0089635337811529089,0.0009803725364690432,0.97980777209524339,0.98791108516395165,0.00096500528317469258,0.0,0.0,1.0
0.97445976865446815,0.0037238680401504992,0.001043454895892853,0.97445976865446815,0.97984723711043031,0.00073829851968157997,0.0,0.0,1.0
1.0035721381187381,0.014263140071659377,0.0010038457871914676,1.0035721381187381,0.9548871722983967,0.00073595349515510259,0.0,0.0,1.0
1.0045654565784023,0.038037971133385542,0.00095342003934896123,1.0045654565784023,0.93212062650366401,0.0007269105215171077,0.0,0.0,1.0
1.0114712540960593,0.013435825470052721,0.00078665382310156456,1.0114712540960593,0.97505731637170068,0.0008370754164269635,0.0,0.0,1.0
0.99944279039473527,0.010490055198745352,0.00076106342054927442,0.99944279039473527,0.98701156185912908,0.00053728107481108389,0.0,0.0,1.0
0.99583516683042728,0.0087654913145412336,0.0007927713562977572,0.99583516683042728,0.99345824883262213,0.00056311923179339952,0.0,0.0,1.0
0.98730511202307003,-0.0053338401637428633,0.00083903691208489875,0.98730511202307003,1.0023025248414115,0.00045132536021097653,0.0,0.0,1.0
1.0032427073561268,0.014822337170153788,0.0008382847524093448,1.0032427073561268,0.96187895298977755,0.00039254190934844544,0.0,0.0,1.0
1.0015094185203068,0.024446852035015634,0.0008617245435412397,1.0015094185203068,0.93270510382325444,0.00046293361467294731,0.0,0.0,1.0
0.99997229746796579,0.02257565368801337,0.00085024982423009799,0.99997229746796579,0.9694637668848376,0.00048099532224846002,0.0,0.0,1.0
0.9966484115394989,0.011976751946045472,0.00085408292148845665,0.9966484115394989,0.98350790960578327,0.00052319290011238308,0.0,0.0,1.0
0.98167945608903284,0.010111980904478755,0.00080334878853044619,0.98167945608903284,0.98111681969692244,0.00058744269345982209,0.0,0.0,1.0
1.0008921734341047,0.0066969741448070913,0.00084061507039617735,1.0008921734341047,0.98780628058515041,0.00058511822280071725,0.0,0.0,1.0
1.0018822262854263,0.0042303960283992872,0.0008195740423322551,1.0018822262854263,0.99741078490402568,0.00070058298418789215,0.0,0.0,1.0
0.98976434355148746,0.016393560269088513,0.00087633690910075997,0.98976434355148746,0.96929045857752638,0.00065932421431938578,0.0,0.0,1.0
0.98755727753800837,0.020806342423472776,0.00089444822776886708,0.98755727753800837,0.94519427265126088,0.00057885795311859165,0.0,0.0,1.0
0.97348136489035841,0.0098799591202914112,0.00082857852073515005,0.97348136489035841,0.91697990394733941,0.00074347430318732143,0.0,0.0,1.0
0.99960785579706457,0.0057004073630311392,0.00085179394460239521,0.99960785579706457,0.97171012202612717,0.00067143534539360918,0.0,0.0,1.0
0.98963268403026872,0.0083464152503659461,0.00083604832449664683,0.98963268403026872,0.95312722244947279,0.00075391200071322378,0.0,0.0,1.0
0.98482816105241,0.010831254589897848,0.00089787906072549459,0.98482816105241,0.93417952300732932,0.0007827119794556783,0.0,0.0,1.0
0.99126855080708198,-0.00050035565069649068,0.00092323167192724382,0.99126855080708198,0.9804251549391565,0.00076907903278342028,0.0,0.0,1.0
1.0071472135811246,-0.0083641750856909107,0.00093186688894602643,1.0071472135811246,0.97621248065543398,0.00076806734468085221,0.0,0.0,1.0
1.0076280712811012,-0.010274887057974871,0.000926867102875377,1.0076280712811012,1.001479838730031,0.00073945310889145992,0.0,0.0,1.0
0.9987056727305047,-0.0063453135033543547,0.00089847622248397118,0.9987056727305047,0.97355433498628363,0.00079881882621091172,0.0,0.0,1.0
0.96521340903185515,0.011112617936637439,0.00090149873521562138,0.96521340903185515,0.95422711775568236,0.00090309500933977215,0.0,0.0,1.0
0.99241060236735446,-0.0078540171998979467,0.00093949077221641545,0.99241060236735446,0.9978338848749293,0.00077572398783810957,0.0,0.0,1.0
0.9988403475880101,-0.010981066631563043,0.00093548771372304251,0.9988403475880101,0.98934168864090299,0.0007453782414598199,0.0,0.0,1.0
0.96727980379394207,0.014127766464197257,0.00092280963555327528,0.96727980379394207,0.94678763800111865,0.00073701313039466296,0.0,0.0,1.0
0.99926486463769604,-0.0097019060902210578,0.00092376903506145576,0.99926486463769604,1.0009596299669798,0.00081560212133612768,0.0,0.0,1.0
0.96339126361824334,0.0041462348944406608,0.0008964568602538611,0.96339126361824334,0.98154843365390498,0.00078185266046229616,0.0,0.0,1.0
0.98348178006581199,0.0062432400958197442,0.00090855034607833216,0.98348178006581199,0.9809324949082161,0.00085438599226938757,0.0,0.0,1.0
0.98955125919221087,0.006204154859315858,0.00098820514618697206,0.98955125919221087,0.98190771637792174,0.00076853392807958742,0.0,0.0,1.0
0.98086442179028377,0.014609435513065388,0.0010021765991318379,0.98086442179028377,0.97206156899694118,0.00061855736152372799,0.0,0.0,1.0
0.99891055851755162,0.013966157305879195,0.00092645557190969806,0.99891055851755162,0.95889458755362356,0.0008245207994193864,0.0,0.0,1.0
0.98196146336904322,0.020920148911731613,0.0010037061858750207,0.98196146336904322,0.95994067834839725,0.00067006630835476694,0.0,0.0,1.0
0.98664091048348024,0.018624694114899844,0.00092325333685976422,0.98664091048348024,0.97288013956980346,0.00067379252674614192,0.0,0.0,1.0
0.98811763511007311,0.016386696944456772,0.00089332990066858604,0.98811763511007311,0.96836939210367012,0.00076828743783385162,0.0,0.0,1.0
0.98864881226641066,0.011854278359688187,0.00091838556303024664,0.98864881226641066,0.99193047515889932,0.00079012277662623,0.0,0.0,1.0
1.0095323086856998,0.024846177299557241,0.00092438426305228806,1.0095323086856998,0.95769931167676503,0.0007804987584885592,0.0,0.0,1.0
0.99740066571369201,0.017591595040723055,0.0009160950819505656,0.99740066571369201,0.97263321842744532,0.000776886119581887,0.0,0.0,1.0
0.98295100336390884,0.031579812908305173,0.0008758201879447917,0.98295100336390884,0.96351813236925976,0.00085901459769786707,0.0,0.0,1.0
1.0015130825645024,0.020143223881684588,0.00091321150969345154,1.0015130825645024,0.96397270644877819,0.00082960284124092721,0.0,0.0,1.0
1.0105499593177534,0.017253490961118355,0.00096032897951882281,1.0105499593177534,0.9281789377299795,0.00065719406892700033,0.0,0.0,1.0
0.99776835035847322,0.012957836690599592,0.00091744253540695746,0.99776835035847322,0.97692577576941098,0.00080735304521785845,0.0,0.0,1.0
0.99270676400826008,0.012606515642199707,0.00094793810805843108,0.99270676400826008,0.98780400020864056,0.00076440800257966527,0.0,0.0,1.0
0.99434800570423432,0.0086114202432692449,0.00093763128377459656,0.99434800570423432,0.99024942543904793,0.00078695155594669659,0.0,0.0,1.0
0.99605073220054297,0.0062378349465775015,0.00094227766959018586,0.99605073220054297,0.98680551884461631,0.00076477112752796619,0.0,0.0,1.0
0.99372176975765958,0.0063980309596607075,0.00092695920837303366,0.99372176975765958,0.9840310853359111,0.00084882361767588197,0.0,0.0,1.0
0.98939422653744402,0.014282964591754379,0.00093289466579852469,0.98939422653744402,0.96619210219186558,0.00083066087462057171,0.0,0.0,1.0
0.98518472622210584,0.0076583386220527155,0.00094711782693412397,0.98518472622210584,0.99402085032292775,0.00080952262284635925,0.0,0.0,1.0
0.98105670844642145,0.012825429925556985,0.00095137545333521308,0.98105670844642145,0.97174481970336668,0.000670122785740276,0.0,0.0,1.0
0.99692035542872559,0.0057144497882132758,0.00095147543631625864,0.99692035542872559,0.96148359662518679,0.00071727600628611159,0.0,0.0,1.0
0.99430866290593267,6.3699466704939466e-05,0.00093638691420667248,0.99430866290593267,0.99997559030893279,0.00063716095191394307,0.0,0.0,1.0
0.98377079316925575,-0.010440954831917218,0.00092459236146672202,0.98377079316925575,0.98583072747648959,0.00081177845346623882,0.0,0.0,1.0
0.99138431978144825,-0.0050450685588345826,0.00099073991833936574,0.99138431978144825,0.97943258432204239,0.00077840580353161248,0.0,0.0,1.0
0.99776669508053728,0.0080364605819952962,0.00099659327948915018,0.99776669508053728,0.96448190152200686,0.0007797775156177482,0.0,0.0,1.0
0.99609680141652412,-0.0082286875142981285,0.00090573718770316529,0.99609680141652412,0.99576813773565909,0.00094703349765239793,0.0,0.0,1.0
0.95345955564934071,0.011585143632202467,0.00097242844114486522,0.95345955564934071,0.9416197885033778,0.00077416284698521439,0.0,0.0,1.0
0.99564426980296994,-0.0060884642219215107,0.000933574442773567,0.99564426980296994,0.99212256589395653,0.00085610525305633155,0.0,0.0,1.0
0.99320786172914155,-9.7988031496770711e-05,0.00093477594726187516,0.99320786172914155,0.96012009286943378,0.00083836470278579654,0.0,0.0,1.0
0.99861575507118872,0.00039598422600228508,0.00094573625282801707,0.99861575507118872,0.97686492390733703,0.00083938014978699317,0.0,0.0,1.0
0.99009015450236992,-0.0061211450022736376,0.00093360731408337198,0.99009015450236992,0.99706189449729132,0.00087341261154101125,0.0,0.0,1.0
0.98425115879763736,0.015873951557206802,0.00092679469280408037,0.98425115879763736,0.95798505690867652,0.00090214142371227704,0.0,0.0,1.0
0.98265917675253811,0.012061427375653626,0.00095349981683874607,0.98265917675253811,0.95900387348919047,0.00082779216252219421,0.0,0.0,1.0
1.0072644776404649,-0.0014245076809488305,0.00090012477482495927,1.0072644776404649,1.0002327043768195,0.00091180671201091434,0.0,0.0,1.0
0.97940428222646381,0.0086711632333035978,0.00088015172569070915,0.97940428222646381,0.97508480572821776,0.00090637491512733182,0.0,0.0,1.0
0.99614622223636662,0.0033225876389628428,0.0008731295799943228,0.99614622223636662,0.98983109678467751,0.00091714167778033924,0.0,0.0,1.0
0.98047267426914664,0.013671038113206446,0.00093307534797627974,0.98047267426914664,0.96088320033501384,0.00082338088308677251,0.0,0.0,1.0
0.98488358334877191,0.0083743054419337243,0.00092207986950907685,0.98488358334877191,0.97968487735984444,0.00083134063866286377,0.0,0.0,1.0
0.9917669618059346,0.00086119942653006126,0.00086155649969259847,0.9917669618059346,1.000187579920816,0.00098694623788830307,0.0,0.0,1.0
1.0032626013001094,0.0074762379321705839,0.00091402155863397751,1.0032626013001094,0.97908048414158855,0.00081680566691175215,0.0,0.0,1.0
0.98565539846041217,0.0073079500795516948,0.00090922457507440295,0.98565539846041217,0.98668115642037701,0.00082616213054684598,0.0,0.0,1.0
0.97707778667480305,0.0087456532677409934,0.00090074771505062909,0.97707778667480305,0.97944063543500426,0.00083780575696511522,0.0,0.0,1.0
0.99346295710709764,0.0038360224855742003,0.00088382620080397034,0.99346295710709764,0.98917554674561203,0.00084671208371329509,0.0,0.0,1.0
0.99389359978180836,0.0020128902788652363,0.00090865017422943079,0.99389359978180836,0.9978292364640069,0.00079520676104782005,0.0,0.0,1.0
1.0002679219455064,0.0065984734285080282,0.00089661034845063396,1.0002679219455064,0.99345212371339087,0.00083187095165727638,0.0,0.0,1.0
0.9805529169272913,0.013390957487797613,0.00089809155730790919,0.9805529169272913,0.97015697533092093,0.00082365996786154885,0.0,0.0,1.0
0.99961718403422617,0.0032900133033121112,0.00090219987279063329,0.99961718403422617,0.99788208646915288,0.00083918532235508761,0.0,0.0,1.0
0.99914285651792578,0.013520598527680946,0.00087501990531354244,0.99914285651792578,0.98051134445853005,0.00087729551040037392,0.0,0.0,1.0
0.99664455652951101,0.011671023283428481,0.0008974979472217608,0.99664455652951101,0.98211793340888276,0.00081556948913855945,0.0,0.0,1.0
0.98689011328577081,0.0066330708073725243,0.00090748722500302338,0.98689011328577081,0.98951911013504146,0.00080054677042453413,0.0,0.0,1.0
0.98967209816397661,0.0069300078030892741,0.00090897834463184255,0.98967209816397661,0.98248566163241136,0.00075304361706084069,0.0,0.0,1.0
0.98835810830878978,0.0042796493853450718,0.00094103775127377587,0.98835810830878978,0.98283448419350472,0.00071494902390173139,0.0,0.0,1.0
0.99310798796068434,0.0028230584352567749,0.00091951204287581655,0.99310798796068434,0.99514076375071714,0.00075742698691612907,0.0,0.0,1.0
0.99342839751489131,0.0015337942075345709,0.0009216963256288924,0.99342839751489131,0.99115803893505094,0.00075620053393153251,0.0,0.0,1.0
0.97762727071340871,0.0169493389609305,0.00089231173009349696,0.97762727071340871,0.96024631570508467,0.00078370961107637315,0.0,0.0,1.0
0.99463297570816434,0.0020905304659306328,0.00093975578594587968,0.99463297570816434,0.98820045461091754,0.00071137699489996656,0.0,0.0,1.0
0.99369743117567988,0.014226930273589214,0.00091598549764216751,0.99369743117567988,0.95318229299314128,0.0007769595124507134,0.0,0.0,1.0
0.99617336815360324,0.0078496084251258695,0.00087237486045688454,0.99617336815360324,0.97789352418144937,0.00088436077196771387,0.0,0.0,1.0
0.97925788700435945,0.012078796106522875,0.00089515379494818344,0.97925788700435945,0.96412753655156969,0.0008265586660430274,0.0,0.0,1.0
1.0069126315836736,0.0051381013077209919,0.00091071973349305085,1.0069126315836736,0.98770259341639965,0.00073690994660039432,0.0,0.0,1.0
1.0036904084189289,0.0063723786583028139,0.00089881974793392955,1.0036904084189289,0.9801040175205854,0.00079382857016115104,0.0,0.0,1.0
0.99258281437517482,0.0031623323021661006,0.00088327466376721304,0.99258281437517482,0.99389333704589289,0.00083126714415494743,0.0,0.0,1.0
0.99536003038433307,0.00047556398930431037,0.0008982127260214976,0.99536003038433307,0.99724126094062948,0.0007787855371793965,0.0,0.0,1.0
0.99314383566539566,0.005670919089925835,0.00089251035141796765,0.99314383566539566,0.9868371778089744,0.0007601749945899401,0.0,0.0,1.0
0.99698794424849735,0.0076248099517158214,0.00087377271625658235,0.99698794424849735,0.97481474548652969,0.00084399009775549812,0.0,0.0,1.0
0.99044837820661258,0.0060674828814958788,0.00089395905878548771,0.99044837820661258,0.98452839950589743,0.00082454439598270471,0.0,0.0,1.0
0.98777713027891911,0.0065309630457862852,0.00090390874446025248,0.98777713027891911,0.98808630836856959,0.00079445175796411221,0.0,0.0,1.0
1.0001101672459161,0.0056882835278457555,0.00087028938236763907,1.0001101672459161,0.97560892332508897,0.00084787828481593574,0.0,0.0,1.0
